s7	s12	s20	s36	s64	s122	s197	s325	s444	sATOM
1	12	4	1	6	48	84	13	101	1024
1	12	4	1	6	48	84	13	101	1030
1	12	4	1	6	48	84	134	218	1022
1	12	4	1	6	48	84	134	218	1023
1	12	4	1	6	48	84	134	218	1085
1	12	4	1	6	48	191	18	50	1026
1	12	4	1	6	48	191	18	50	1031
1	12	4	1	6	48	191	88	251	1028
1	12	4	1	6	48	191	88	251	1034
1	12	4	1	6	48	191	88	251	1087
1	12	4	1	6	48	191	144	303	1025
1	12	4	1	6	48	191	144	303	1027
1	12	4	1	6	48	191	144	303	1032
1	12	4	1	6	48	191	144	303	1033
1	12	4	5	48	11	27	136	384	1063
1	12	4	5	48	11	27	136	384	1073
1	12	4	5	48	11	27	136	384	1093
1	12	4	5	48	11	27	136	384	1094
1	12	4	5	48	14	15	8	5	1053
1	12	4	5	48	14	15	8	5	1064
1	12	4	5	48	14	15	138	288	1074
1	12	4	5	48	14	15	138	288	1075
1	12	4	5	48	14	15	138	288	1079
1	12	4	5	48	65	3	127	227	1078
1	12	4	5	48	65	3	127	227	1082
1	12	4	5	48	65	3	127	227	1095
1	12	4	5	48	65	33	46	253	1076
1	12	4	5	48	65	33	46	253	1077
1	12	4	5	48	65	33	46	253	1081
1	12	4	13	5	108	118	41	54	1083
1	12	4	13	5	108	118	41	54	1084
1	12	4	13	5	108	118	153	134	1068
1	12	4	13	5	108	118	153	134	1072
1	12	4	13	5	108	118	153	163	1057
1	12	4	13	5	108	118	153	163	1062
1	12	4	13	5	108	144	28	104	1059
1	12	4	13	5	108	144	28	104	1060
1	12	4	13	5	108	144	53	38	1058
1	12	4	13	5	108	144	53	38	1061
1	12	4	13	5	108	144	57	154	1069
1	12	4	13	5	108	144	57	154	1070
1	12	4	13	29	9	40	142	292	1005
1	12	4	13	29	9	40	142	292	1019
1	12	4	13	29	9	40	142	292	1092
1	12	4	13	29	44	49	146	148	1042
1	12	4	13	29	44	49	146	148	1048
1	12	4	13	29	44	49	146	148	1091
1	12	4	13	29	44	49	146	257	1046
1	12	4	13	29	44	49	146	257	1047
1	12	4	13	29	97	14	89	110	1045
1	12	4	13	29	97	14	89	110	1090
1	12	4	13	29	97	14	89	186	1038
1	12	4	13	29	97	14	89	186	1039
1	12	4	13	29	97	82	321	275	980
1	12	4	13	29	97	82	321	275	1043
1	12	4	13	29	97	82	321	380	964
1	12	4	13	29	97	82	321	380	1036
1	12	4	13	29	97	82	321	380	1037
1	12	17	6	15	18	189	92	240	992
1	12	17	6	15	18	189	92	240	994
1	12	17	6	15	18	189	92	240	995
1	12	17	6	15	18	189	158	11	1009
1	12	17	6	15	18	189	158	11	1052
1	12	17	6	15	18	189	158	415	1007
1	12	17	6	15	18	189	158	415	1012
1	12	17	6	15	18	189	158	415	1016
1	12	17	6	15	46	157	267	430	1049
1	12	17	6	15	46	157	267	430	1054
1	12	17	6	15	46	157	267	430	1055
1	12	17	6	15	46	157	267	430	1056
1	12	17	6	15	46	157	296	213	1065
1	12	17	6	15	46	157	296	213	1066
1	12	17	6	15	46	157	296	279	1067
1	12	17	6	15	46	157	296	279	1071
1	12	17	7	12	41	122	76	183	421
1	12	17	7	12	41	122	76	183	467
1	12	17	7	12	41	122	76	183	468
1	12	17	7	12	41	122	273	231	405
1	12	17	7	12	41	122	273	231	453
1	12	17	7	12	41	122	273	340	454
1	12	17	7	12	41	122	273	340	455
1	12	17	7	12	41	122	273	340	539
1	12	17	7	12	84	55	231	127	970
1	12	17	7	12	84	55	231	127	974
1	12	17	7	12	84	55	231	318	984
1	12	17	7	12	84	55	231	318	989
1	12	17	7	12	84	55	231	318	1021
1	12	17	7	12	84	81	90	98	967
1	12	17	7	12	84	81	90	98	972
1	12	17	7	12	84	81	190	294	975
1	12	17	7	12	84	81	190	294	976
1	12	17	7	12	84	81	190	306	973
1	12	17	7	12	84	81	190	306	1040
1	12	17	7	12	84	172	178	293	469
1	12	17	7	12	84	172	178	293	990
1	12	17	7	12	84	172	226	423	987
1	12	17	7	12	84	172	226	423	988
1	12	17	7	12	84	172	226	423	991
1	12	17	20	11	62	79	10	200	1008
1	12	17	20	11	62	79	10	200	1051
1	12	17	20	11	62	79	239	395	1010
1	12	17	20	11	62	79	239	395	1013
1	12	17	20	11	62	79	239	395	1015
1	12	17	20	11	62	79	246	305	977
1	12	17	20	11	62	79	246	305	979
1	12	17	20	11	62	79	246	390	978
1	12	17	20	11	62	79	246	390	1011
1	12	17	20	11	121	12	171	97	1014
1	12	17	20	11	121	12	171	97	1017
1	12	17	20	11	121	12	171	165	981
1	12	17	20	11	121	12	171	165	1018
1	12	17	20	11	121	61	47	32	985
1	12	17	20	11	121	61	47	32	1020
1	12	17	20	11	121	61	135	84	986
1	12	17	20	11	121	61	135	84	1044
1	12	17	20	11	121	61	135	167	982
1	12	17	20	11	121	61	135	167	983
1	12	17	20	44	54	53	216	46	993
1	12	17	20	44	54	53	216	46	1050
1	12	17	20	44	54	53	216	61	962
1	12	17	20	44	54	53	216	61	997
1	12	17	20	44	54	56	34	18	963
1	12	17	20	44	54	56	34	18	966
1	12	17	20	44	54	56	60	150	996
1	12	17	20	44	54	56	60	150	999
1	12	17	20	44	90	47	149	181	965
1	12	17	20	44	90	47	149	181	1000
1	12	17	20	44	90	47	149	259	1001
1	12	17	20	44	90	47	149	259	1003
1	12	17	20	44	90	160	112	157	968
1	12	17	20	44	90	160	112	157	971
1	12	17	20	44	90	160	112	157	1002
1	12	17	20	44	90	160	249	82	969
1	12	17	20	44	90	160	249	82	1006
1	12	17	20	44	90	160	249	355	998
1	12	17	20	44	90	160	249	355	1004
2	3	3	10	8	78	18	19	212	770
2	3	3	10	8	78	18	19	212	777
2	3	3	10	8	78	18	26	4	262
2	3	3	10	8	78	18	26	4	264
2	3	3	10	41	61	32	317	41	299
2	3	3	10	41	61	32	317	41	303
2	3	3	10	41	61	32	317	130	300
2	3	3	10	41	61	32	317	130	304
2	3	3	10	41	61	156	182	2	301
2	3	3	10	41	61	156	182	2	302
2	3	3	10	41	61	156	182	197	80
2	3	3	10	41	61	156	182	197	81
2	3	3	10	41	61	156	265	243	85
2	3	3	10	41	61	156	265	243	155
2	3	3	10	41	61	156	265	349	86
2	3	3	10	41	61	156	265	349	209
2	3	3	10	41	61	156	265	349	211
2	3	3	10	41	109	135	228	342	150
2	3	3	10	41	109	135	228	342	201
2	3	3	10	41	109	135	228	361	210
2	3	3	10	41	109	135	228	361	214
2	3	3	10	41	109	135	324	379	151
2	3	3	10	41	109	135	324	379	203
2	3	3	10	41	109	135	324	385	198
2	3	3	10	41	109	135	324	385	200
2	3	3	10	41	109	135	324	444	12
2	3	3	10	41	109	135	324	444	42
2	3	3	10	41	109	135	324	444	44
2	3	3	10	41	109	135	324	444	67
2	3	3	10	41	109	135	324	444	82
2	3	3	10	41	109	135	324	444	83
2	3	3	10	41	109	135	324	444	88
2	3	3	10	41	109	135	324	444	125
2	3	3	10	41	109	135	324	444	164
2	3	3	10	41	109	135	324	444	170
2	3	3	10	41	109	135	324	444	216
2	3	3	10	41	109	135	324	444	217
2	3	3	10	41	109	135	324	444	236
2	3	3	10	41	109	135	324	444	325
2	3	3	10	41	109	135	324	444	339
2	3	3	10	41	109	135	324	444	341
2	3	3	10	41	109	135	324	444	359
2	3	3	10	41	109	135	324	444	385
2	3	3	10	41	109	135	324	444	502
2	3	3	10	41	109	135	324	444	551
2	3	3	10	41	109	135	324	444	570
2	3	3	10	41	109	135	324	444	578
2	3	3	10	41	109	135	324	444	623
2	3	3	10	41	109	135	324	444	633
2	3	3	10	41	109	135	324	444	645
2	3	3	10	41	109	135	324	444	683
2	3	3	10	41	109	135	324	444	702
2	3	3	10	41	109	135	324	444	714
2	3	3	10	41	109	135	324	444	781
2	3	3	10	41	109	135	324	444	789
2	3	3	10	41	109	135	324	444	798
2	3	3	10	41	109	135	324	444	800
2	3	3	10	41	109	135	324	444	893
2	3	3	10	41	109	135	324	444	938
2	3	3	10	41	109	135	324	444	1080
2	3	6	12	9	70	51	45	119	923
2	3	6	12	9	70	51	45	119	931
2	3	6	12	9	70	51	262	223	555
2	3	6	12	9	70	51	262	223	930
2	3	6	12	9	70	51	262	370	932
2	3	6	12	9	70	51	262	370	933
2	3	6	12	9	70	119	65	39	567
2	3	6	12	9	70	119	65	39	945
2	3	6	12	9	70	119	176	105	568
2	3	6	12	9	70	119	176	105	947
2	3	6	12	9	70	119	176	286	946
2	3	6	12	9	70	119	176	286	948
2	3	6	12	9	70	145	4	60	926
2	3	6	12	9	70	145	4	60	928
2	3	6	12	9	70	145	38	354	921
2	3	6	12	9	70	145	38	354	922
2	3	6	12	9	70	145	38	354	924
2	3	6	12	22	112	117	6	87	934
2	3	6	12	22	112	117	6	87	936
2	3	6	12	22	112	117	232	434	556
2	3	6	12	22	112	117	232	434	559
2	3	6	12	22	112	117	232	434	935
2	3	6	12	22	112	126	69	221	381
2	3	6	12	22	112	126	69	221	387
2	3	6	12	22	112	126	290	356	394
2	3	6	12	22	112	126	290	356	400
2	3	6	12	22	112	126	290	405	393
2	3	6	12	22	112	126	290	405	398
2	3	6	12	22	112	146	79	128	569
2	3	6	12	22	112	146	79	128	949
2	3	6	12	22	112	146	139	359	573
2	3	6	12	22	112	146	139	359	953
2	3	6	12	22	112	146	139	359	955
2	3	10	19	2	21	91	16	210	318
2	3	10	19	2	21	91	16	210	320
2	3	10	19	2	21	91	320	43	309
2	3	10	19	2	21	91	320	43	820
2	3	10	19	2	21	91	320	51	322
2	3	10	19	2	21	91	320	51	837
2	3	10	19	2	21	91	320	215	307
2	3	10	19	2	21	91	320	215	818
2	3	10	19	36	30	104	75	40	199
2	3	10	19	36	30	104	75	40	305
2	3	10	19	36	30	104	188	90	212
2	3	10	19	36	30	104	188	90	319
2	3	10	19	36	30	104	188	236	208
2	3	10	19	36	30	104	188	236	317
2	3	10	19	36	86	192	195	198	858
2	3	10	19	36	86	192	195	198	863
2	3	10	19	36	86	192	195	426	853
2	3	10	19	36	86	192	195	426	854
2	3	10	19	36	86	192	221	373	862
2	3	10	19	36	86	192	221	373	864
2	3	10	19	36	86	192	221	386	860
2	3	10	19	36	86	192	221	386	861
2	3	10	19	36	86	192	291	261	855
2	3	10	19	36	86	192	291	261	857
2	3	10	19	36	86	192	309	329	835
2	3	10	19	36	86	192	309	329	836
2	3	10	19	36	86	192	309	383	817
2	3	10	19	36	86	192	309	383	856
2	3	10	30	3	3	42	17	27	1088
2	3	10	30	3	3	42	17	27	1089
2	3	10	30	3	3	42	233	152	1029
2	3	10	30	3	3	42	233	152	1035
2	3	10	30	3	3	42	233	152	1086
2	3	10	30	3	3	42	233	168	464
2	3	10	30	3	3	42	233	168	478
2	3	10	30	16	79	24	110	13	561
2	3	10	30	16	79	24	110	13	563
2	3	10	30	16	79	24	110	217	572
2	3	10	30	16	79	24	110	217	574
2	3	10	30	16	79	131	111	188	396
2	3	10	30	16	79	131	111	188	401
2	3	10	30	16	79	131	113	85	462
2	3	10	30	16	79	131	113	85	566
2	3	10	30	16	79	131	183	25	397
2	3	10	30	16	79	131	183	25	402
2	3	10	30	25	42	68	131	241	386
2	3	10	30	25	42	68	131	241	392
2	3	10	30	25	42	68	222	360	382
2	3	10	30	25	42	68	222	360	383
2	3	10	30	25	42	68	222	407	390
2	3	10	30	25	42	68	222	407	391
2	3	10	30	25	71	28	217	24	403
2	3	10	30	25	71	28	217	24	404
2	3	10	30	25	71	28	217	290	384
2	3	10	30	25	71	28	217	290	388
2	3	10	30	25	71	28	217	290	389
2	3	10	30	25	71	128	14	45	395
2	3	10	30	25	71	128	14	45	399
2	3	10	30	25	71	128	279	79	261
2	3	10	30	25	71	128	279	79	263
3	7	2	3	14	110	101	5	195	605
3	7	2	3	14	110	101	5	195	608
3	7	2	3	14	110	101	48	201	3
3	7	2	3	14	110	101	48	201	585
3	7	2	3	14	110	101	48	209	23
3	7	2	3	14	110	101	48	209	606
3	7	2	3	14	110	180	137	266	580
3	7	2	3	14	110	180	137	266	581
3	7	2	3	14	110	180	199	16	601
3	7	2	3	14	110	180	199	16	602
3	7	2	3	14	110	180	199	144	582
3	7	2	3	14	110	180	199	144	584
3	7	2	3	14	110	180	199	144	604
3	7	11	9	56	8	31	240	124	14
3	7	11	9	56	8	31	240	124	593
3	7	11	9	56	8	31	240	214	18
3	7	11	9	56	8	31	240	214	596
3	7	11	9	56	8	31	240	365	597
3	7	11	9	56	8	31	240	365	600
3	7	11	9	56	73	182	116	316	31
3	7	11	9	56	73	182	116	316	34
3	7	11	9	56	73	182	116	316	616
3	7	11	9	56	73	182	116	387	611
3	7	11	9	56	73	182	116	387	613
3	7	11	9	56	73	182	117	86	40
3	7	11	9	56	73	182	117	86	617
3	7	11	9	56	93	59	274	287	7
3	7	11	9	56	93	59	274	287	8
3	7	11	9	56	93	59	274	287	587
3	7	11	9	56	93	80	211	435	28
3	7	11	9	56	93	80	211	435	32
3	7	11	9	56	93	80	211	435	37
3	7	11	15	45	5	20	122	89	239
3	7	11	15	45	5	20	122	89	251
3	7	11	15	45	5	20	299	137	238
3	7	11	15	45	5	20	299	137	756
3	7	11	15	45	5	20	299	421	760
3	7	11	15	45	5	20	299	421	763
3	7	11	15	45	67	105	73	108	757
3	7	11	15	45	67	105	73	108	758
3	7	11	15	45	67	105	73	108	759
3	7	11	15	45	67	105	73	108	766
3	7	11	15	45	67	105	73	108	767
3	7	11	15	45	68	98	30	189	36
3	7	11	15	45	68	98	30	189	620
3	7	11	15	45	68	98	157	310	15
3	7	11	15	45	68	98	157	310	594
3	7	11	15	45	68	98	157	310	595
3	7	11	15	45	68	106	272	351	20
3	7	11	15	45	68	106	272	351	599
3	7	11	15	45	68	106	272	401	39
3	7	11	15	45	68	106	272	401	41
3	7	11	15	45	68	106	272	401	622
4	5	9	11	27	56	102	312	416	482
4	5	9	11	27	56	102	312	416	485
4	5	9	11	27	56	102	312	416	487
4	5	9	11	27	56	102	312	417	439
4	5	9	11	27	56	102	312	417	444
4	5	9	11	27	56	102	312	417	449
4	5	9	11	27	56	102	312	417	492
4	5	9	11	27	57	60	276	117	481
4	5	9	11	27	57	60	276	117	484
4	5	9	11	27	57	60	276	262	494
4	5	9	11	27	57	60	276	262	497
4	5	9	11	27	57	121	257	175	436
4	5	9	11	27	57	121	257	175	437
4	5	9	11	27	57	121	257	175	447
4	5	9	11	27	57	121	257	367	440
4	5	9	11	27	57	121	257	367	442
4	5	9	11	27	57	121	257	367	450
4	5	9	11	27	57	121	257	367	451
4	5	9	26	33	51	70	187	431	415
4	5	9	26	33	51	70	187	431	420
4	5	9	26	33	51	70	187	431	428
4	5	9	26	33	51	70	187	431	432
4	5	9	26	33	51	70	187	431	433
4	5	9	26	35	19	74	322	304	414
4	5	9	26	35	19	74	322	304	416
4	5	9	26	35	19	74	322	304	429
4	5	9	26	35	19	74	322	313	418
4	5	9	26	35	19	74	322	313	419
4	5	9	26	35	19	74	322	313	434
4	5	9	26	35	29	46	173	114	461
4	5	9	26	35	29	46	173	114	466
4	5	9	26	35	29	46	173	438	463
4	5	9	26	35	29	46	173	438	474
4	5	9	26	35	29	46	173	438	476
4	5	9	26	35	29	46	173	438	477
4	5	15	17	30	60	147	254	81	518
4	5	15	17	30	60	147	254	81	521
4	5	15	17	30	60	147	254	408	548
4	5	15	17	30	60	147	254	408	549
4	5	15	17	30	60	147	254	408	550
4	5	15	17	30	60	147	318	8	504
4	5	15	17	30	60	147	318	8	505
4	5	15	17	30	60	147	318	21	503
4	5	15	17	30	60	147	318	21	543
4	5	15	17	30	60	152	7	232	522
4	5	15	17	30	60	152	7	232	526
4	5	15	17	43	16	138	56	140	446
4	5	15	17	43	16	138	56	140	490
4	5	15	17	43	16	138	56	140	491
4	5	15	17	43	16	138	84	103	435
4	5	15	17	43	16	138	84	103	479
4	5	15	17	43	16	138	84	103	480
4	5	15	17	43	107	154	36	298	406
4	5	15	17	43	107	154	36	298	408
4	5	15	17	43	107	154	36	298	409
4	5	15	17	43	107	154	86	12	407
4	5	15	17	43	107	154	86	12	422
4	5	15	17	43	107	154	202	406	423
4	5	15	17	43	107	154	202	406	424
4	5	15	17	43	107	154	202	406	425
4	5	15	17	43	107	161	302	265	410
4	5	15	17	43	107	161	302	265	426
4	5	15	17	43	107	161	302	265	427
4	5	15	17	43	107	161	302	345	411
4	5	15	17	43	107	161	302	345	412
4	5	15	17	43	107	161	302	345	413
4	5	15	24	38	40	93	101	55	459
4	5	15	24	38	40	93	101	55	473
4	5	15	24	38	40	93	313	33	460
4	5	15	24	38	40	93	313	33	465
4	5	15	24	38	40	93	313	177	470
4	5	15	24	38	40	93	313	177	472
4	5	15	24	38	101	85	3	42	475
4	5	15	24	38	101	85	3	42	579
4	5	15	24	38	101	85	20	224	575
4	5	15	24	38	101	85	20	224	577
4	5	15	24	38	101	184	105	226	562
4	5	15	24	38	101	184	105	226	564
4	5	15	24	38	101	184	133	7	540
4	5	15	24	38	101	184	133	7	545
4	5	15	24	38	101	184	256	389	456
4	5	15	24	38	101	184	256	389	457
4	5	15	24	38	101	184	256	389	458
4	5	15	24	38	101	184	285	194	471
4	5	15	24	38	101	184	285	194	576
4	5	15	24	59	39	52	205	235	500
4	5	15	24	59	39	52	205	235	506
4	5	15	24	59	39	52	205	337	501
4	5	15	24	59	39	52	205	337	507
4	5	15	24	59	39	67	264	297	553
4	5	15	24	59	39	67	264	297	554
4	5	15	24	59	39	67	264	348	552
4	5	15	24	59	39	67	264	348	960
4	5	15	24	59	39	67	264	352	519
4	5	15	24	59	39	67	264	352	520
4	5	15	24	59	43	107	203	440	523
4	5	15	24	59	43	107	203	440	524
4	5	15	24	59	43	107	203	440	525
4	5	15	24	59	43	107	203	440	527
4	5	15	24	59	43	107	203	440	529
4	5	15	24	59	43	107	294	125	495
4	5	15	24	59	43	107	294	125	532
4	5	15	24	59	43	107	294	276	508
4	5	15	24	59	43	107	294	276	510
4	5	15	24	59	81	164	169	321	546
4	5	15	24	59	81	164	169	321	547
4	5	15	24	59	81	164	169	321	571
4	5	15	24	59	81	164	186	300	538
4	5	15	24	59	81	164	186	300	541
4	5	15	24	59	81	164	186	300	544
5	4	18	31	24	32	45	292	96	927
5	4	18	31	24	32	45	292	96	929
5	4	18	31	24	32	45	292	396	894
5	4	18	31	24	32	45	292	396	896
5	4	18	31	24	32	109	175	106	895
5	4	18	31	24	32	109	175	106	898
5	4	18	31	24	32	109	175	323	900
5	4	18	31	24	32	109	175	323	902
5	4	18	31	24	89	92	51	62	867
5	4	18	31	24	89	92	51	62	868
5	4	18	31	24	89	92	54	112	870
5	4	18	31	24	89	92	54	112	873
5	4	18	31	24	89	179	98	9	869
5	4	18	31	24	89	179	98	9	925
5	4	18	31	24	89	179	125	72	871
5	4	18	31	24	89	179	125	72	872
5	4	18	31	24	89	179	177	315	874
5	4	18	31	24	89	179	177	315	875
5	4	18	31	24	89	179	177	315	877
5	4	18	31	64	15	185	77	145	915
5	4	18	31	64	15	185	77	145	916
5	4	18	31	64	15	185	77	145	920
5	4	18	31	64	15	185	91	203	851
5	4	18	31	64	15	185	91	203	917
5	4	18	31	64	15	185	91	203	919
5	4	18	31	64	33	83	215	366	886
5	4	18	31	64	33	83	215	366	890
5	4	18	31	64	33	83	215	366	891
5	4	18	31	64	33	83	215	412	888
5	4	18	31	64	33	83	215	412	889
5	4	18	31	64	33	83	215	412	892
5	4	18	31	64	82	194	81	234	884
5	4	18	31	64	82	194	81	234	885
5	4	18	31	64	82	194	308	263	878
5	4	18	31	64	82	194	308	263	879
5	4	18	31	64	82	194	308	263	881
5	4	18	31	64	82	194	308	350	876
5	4	18	31	64	82	194	308	350	940
5	4	18	31	64	106	88	44	19	908
5	4	18	31	64	106	88	44	19	913
5	4	18	31	64	106	88	193	333	905
5	4	18	31	64	106	88	193	333	909
5	4	18	31	64	106	88	193	357	903
5	4	18	31	64	106	88	193	357	904
5	4	18	31	64	106	168	2	190	897
5	4	18	31	64	106	168	2	190	899
5	4	18	31	64	106	168	295	222	950
5	4	18	31	64	106	168	295	222	952
5	6	14	4	19	17	16	145	317	712
5	6	14	4	19	17	16	145	317	715
5	6	14	4	19	17	16	145	317	737
5	6	14	4	19	17	16	145	317	739
5	6	14	4	19	17	30	100	118	377
5	6	14	4	19	17	30	100	118	378
5	6	14	4	19	17	30	100	118	380
5	6	14	4	19	24	62	94	187	352
5	6	14	4	19	24	62	94	187	717
5	6	14	4	19	24	62	94	187	718
5	6	14	4	19	24	62	189	334	364
5	6	14	4	19	24	62	189	334	367
5	6	14	4	19	24	62	189	334	741
5	6	14	4	19	24	62	189	334	743
5	6	14	32	37	47	108	248	193	726
5	6	14	32	37	47	108	248	193	749
5	6	14	32	37	47	108	271	159	722
5	6	14	32	37	47	108	271	159	744
5	6	14	32	37	47	108	271	378	723
5	6	14	32	37	47	108	271	378	746
5	6	14	32	37	64	153	168	237	753
5	6	14	32	37	64	153	168	237	754
5	6	14	32	37	64	153	168	271	731
5	6	14	32	37	64	153	168	271	732
5	6	14	32	58	72	132	68	196	376
5	6	14	32	58	72	132	68	196	379
5	6	14	32	58	72	132	278	17	708
5	6	14	32	58	72	132	278	17	734
5	6	14	32	58	72	132	278	420	417
5	6	14	32	58	72	132	278	420	430
5	6	14	32	58	72	132	278	420	431
5	6	14	32	58	96	169	207	207	713
5	6	14	32	58	96	169	207	207	716
5	6	14	32	58	96	169	207	207	738
5	6	14	32	58	96	169	238	347	719
5	6	14	32	58	96	169	238	347	740
5	6	14	32	58	96	169	238	402	742
5	6	14	32	58	96	169	238	402	748
5	6	14	32	58	96	178	164	291	721
5	6	14	32	58	96	178	164	291	725
5	6	14	32	58	96	178	281	314	443
5	6	14	32	58	96	178	281	314	452
5	6	14	32	58	96	178	281	394	445
5	6	14	32	58	96	178	281	394	624
5	6	14	32	58	96	178	310	63	720
5	6	14	32	58	96	178	310	63	745
5	6	14	32	58	96	178	310	341	729
5	6	14	32	58	96	178	310	341	752
5	6	14	32	58	103	4	82	180	709
5	6	14	32	58	103	4	82	180	711
5	6	14	32	58	103	4	82	180	736
5	6	14	32	58	103	114	316	102	710
5	6	14	32	58	103	114	316	102	735
5	6	14	32	58	103	114	316	335	438
5	6	14	32	58	103	114	316	335	441
5	6	14	32	58	103	114	316	335	448
5	8	5	18	34	115	139	58	71	337
5	8	5	18	34	115	139	58	71	338
5	8	5	18	34	115	139	58	71	347
5	8	5	18	34	115	183	289	37	292
5	8	5	18	34	115	183	289	37	333
5	8	5	18	34	115	183	289	404	330
5	8	5	18	34	115	183	289	404	331
5	8	5	18	34	115	183	289	404	342
5	8	5	18	34	115	183	303	100	332
5	8	5	18	34	115	183	303	100	334
5	8	5	18	34	115	183	303	229	344
5	8	5	18	34	115	183	303	229	345
5	8	5	18	42	35	116	64	59	295
5	8	5	18	42	35	116	64	59	297
5	8	5	18	42	35	116	123	174	287
5	8	5	18	42	35	116	123	174	288
5	8	5	18	42	35	116	123	174	294
5	8	5	18	42	66	141	261	258	293
5	8	5	18	42	66	141	261	258	298
5	8	5	18	42	66	141	261	436	289
5	8	5	18	42	66	141	261	436	290
5	8	5	18	42	66	141	261	436	291
5	8	5	18	42	66	141	261	436	296
5	8	13	36	20	4	19	229	376	688
5	8	13	36	20	4	19	229	376	689
5	8	13	36	20	4	19	229	376	692
5	8	13	36	20	4	19	229	376	693
5	8	13	36	20	114	36	31	83	673
5	8	13	36	20	114	36	31	83	674
5	8	13	36	20	114	36	96	146	690
5	8	13	36	20	114	36	96	146	691
5	8	13	36	20	114	127	1	44	652
5	8	13	36	20	114	127	1	44	653
5	8	13	36	20	114	127	283	49	695
5	8	13	36	20	114	127	283	49	696
5	8	13	36	20	114	127	283	178	660
5	8	13	36	20	114	127	283	178	694
5	8	13	36	52	55	48	282	205	265
5	8	13	36	52	55	48	282	205	266
5	8	13	36	52	55	48	282	205	335
5	8	13	36	52	55	48	282	319	278
5	8	13	36	52	55	48	282	319	343
5	8	13	36	52	55	133	87	248	270
5	8	13	36	52	55	133	87	248	272
5	8	13	36	52	55	133	87	248	283
5	8	13	36	52	55	133	165	132	279
5	8	13	36	52	55	133	165	132	280
5	8	13	36	52	55	133	165	250	269
5	8	13	36	52	55	133	165	250	271
5	8	13	36	52	55	133	165	250	282
5	8	13	36	52	87	94	304	233	65
5	8	13	36	52	87	94	304	233	66
5	8	13	36	52	87	94	304	244	62
5	8	13	36	52	87	94	304	244	63
5	8	13	36	52	87	94	304	245	277
5	8	13	36	52	87	94	304	245	281
5	8	13	36	52	87	130	99	115	267
5	8	13	36	52	87	130	99	115	268
5	8	13	36	52	87	130	287	413	43
5	8	13	36	52	87	130	287	413	45
5	8	13	36	52	87	130	287	413	46
5	8	13	36	61	53	44	170	312	51
5	8	13	36	61	53	44	170	312	107
5	8	13	36	61	53	44	170	312	109
5	8	13	36	61	53	64	185	160	52
5	8	13	36	61	53	64	185	160	114
5	8	13	36	61	53	64	185	336	60
5	8	13	36	61	53	64	185	336	119
5	8	13	36	61	53	77	201	113	54
5	8	13	36	61	53	77	201	113	57
5	8	13	36	61	53	77	212	138	47
5	8	13	36	61	53	77	212	138	48
5	8	13	36	61	53	77	212	443	49
5	8	13	36	61	53	77	212	443	50
5	8	13	36	61	53	77	212	443	117
5	8	13	36	61	63	76	194	26	274
5	8	13	36	61	63	76	194	26	286
5	8	13	36	61	63	76	194	326	68
5	8	13	36	61	63	76	194	326	70
5	8	13	36	61	63	95	230	364	242
5	8	13	36	61	63	95	230	364	276
5	8	13	36	61	63	95	230	419	244
5	8	13	36	61	63	95	230	419	256
5	8	13	36	61	63	95	230	419	285
6	9	16	16	28	117	136	24	242	880
6	9	16	16	28	117	136	24	242	944
6	9	16	16	28	117	136	243	171	939
6	9	16	16	28	117	136	243	171	942
6	9	16	16	28	117	143	236	14	537
6	9	16	16	28	117	143	236	14	937
6	9	16	16	28	117	143	236	324	560
6	9	16	16	28	117	143	236	324	1041
6	9	16	16	28	117	148	166	246	557
6	9	16	16	28	117	148	166	246	558
6	9	16	16	28	117	181	119	56	951
6	9	16	16	28	117	181	119	56	954
6	9	16	16	28	117	181	160	338	957
6	9	16	16	28	117	181	160	338	958
6	9	16	16	28	117	181	210	339	901
6	9	16	16	28	117	181	210	339	956
6	9	16	16	28	117	181	210	339	959
6	9	16	16	40	49	65	197	153	542
6	9	16	16	40	49	65	197	153	565
6	9	16	16	40	49	65	197	255	941
6	9	16	16	40	49	65	197	255	943
6	9	16	16	40	104	6	33	322	911
6	9	16	16	40	104	6	33	322	912
6	9	16	16	40	104	6	33	322	914
6	9	16	16	40	104	123	241	289	910
6	9	16	16	40	104	123	241	289	961
6	9	16	16	40	104	123	241	353	906
6	9	16	16	40	104	123	241	353	907
6	9	16	16	40	104	167	39	48	882
6	9	16	16	40	104	167	39	48	883
6	9	16	22	57	50	134	163	295	486
6	9	16	22	57	50	134	163	295	514
6	9	16	22	57	50	134	163	295	515
6	9	16	22	57	50	134	277	6	488
6	9	16	22	57	50	134	277	6	511
6	9	16	22	57	50	134	277	388	483
6	9	16	22	57	50	134	277	388	493
6	9	16	22	57	69	140	152	283	644
6	9	16	22	57	69	140	152	283	650
6	9	16	22	57	69	140	209	391	498
6	9	16	22	57	69	140	209	391	638
6	9	16	22	57	69	140	209	391	639
6	9	16	22	57	69	140	209	391	641
6	9	16	22	57	69	150	83	73	496
6	9	16	22	57	69	150	83	73	534
6	9	16	22	57	69	150	118	92	499
6	9	16	22	57	69	150	118	92	536
6	9	16	22	57	83	165	124	164	625
6	9	16	22	57	83	165	124	164	629
6	9	16	22	57	83	165	124	164	630
6	9	16	22	57	83	165	161	270	640
6	9	16	22	57	83	165	161	270	642
6	9	16	22	57	83	165	161	270	662
6	9	16	22	57	100	7	103	34	533
6	9	16	22	57	100	7	103	34	535
6	9	16	22	57	100	7	120	211	513
6	9	16	22	57	100	7	120	211	517
6	9	16	22	57	100	75	179	346	528
6	9	16	22	57	100	75	179	346	530
6	9	16	22	57	100	75	179	346	531
6	9	16	22	57	100	75	297	382	509
6	9	16	22	57	100	75	297	382	887
6	9	16	22	57	100	75	297	411	512
6	9	16	22	57	100	75	297	411	918
6	9	16	27	62	1	13	37	91	761
6	9	16	27	62	1	13	37	91	762
6	9	16	27	62	1	13	37	91	768
6	9	16	27	62	1	13	37	91	769
6	9	16	27	62	76	186	22	10	730
6	9	16	27	62	76	186	22	10	750
6	9	16	27	62	76	186	219	206	648
6	9	16	27	62	76	186	219	206	651
6	9	16	27	62	76	186	219	268	643
6	9	16	27	62	76	186	219	268	647
6	9	16	27	62	76	186	247	47	634
6	9	16	27	62	76	186	247	47	635
6	9	16	27	62	76	186	247	273	632
6	9	16	27	62	76	186	247	273	636
6	10	7	35	13	105	142	85	3	179
6	10	7	35	13	105	142	85	3	181
6	10	7	35	13	105	142	225	375	96
6	10	7	35	13	105	142	225	375	182
6	10	7	35	13	105	142	225	375	184
6	10	7	35	13	105	142	225	375	185
6	10	7	35	13	105	171	49	184	2
6	10	7	35	13	105	171	49	184	165
6	10	7	35	13	105	171	52	111	4
6	10	7	35	13	105	171	52	111	6
6	10	7	35	13	105	171	70	162	166
6	10	7	35	13	105	171	70	162	167
6	10	7	35	13	105	171	70	162	183
6	10	7	35	49	20	66	259	23	663
6	10	7	35	49	20	66	259	23	668
6	10	7	35	49	20	66	259	199	667
6	10	7	35	49	20	66	259	199	704
6	10	7	35	49	92	41	162	307	188
6	10	7	35	49	92	41	162	307	189
6	10	7	35	49	92	41	162	307	190
6	10	7	35	49	92	97	21	120	128
6	10	7	35	49	92	97	21	120	129
6	10	7	35	49	92	97	121	264	121
6	10	7	35	49	92	97	121	264	124
6	10	7	35	54	59	69	306	139	173
6	10	7	35	54	59	69	306	139	196
6	10	7	35	54	59	69	306	393	193
6	10	7	35	54	59	69	306	393	195
6	10	7	35	54	59	69	306	393	197
6	10	7	35	54	59	113	319	20	24
6	10	7	35	54	59	113	319	20	25
6	10	7	35	54	59	113	319	28	21
6	10	7	35	54	59	113	319	28	172
6	10	7	35	54	111	115	200	371	145
6	10	7	35	54	111	115	200	371	147
6	10	7	35	54	111	115	200	371	149
6	10	7	35	54	111	115	208	374	134
6	10	7	35	54	111	115	208	374	140
6	10	7	35	54	111	115	208	374	143
6	10	7	35	54	111	175	25	156	26
6	10	7	35	54	111	175	25	156	27
6	10	7	35	54	111	175	35	58	135
6	10	7	35	54	111	175	35	58	136
6	10	7	35	54	111	175	66	282	138
6	10	7	35	54	111	175	66	282	139
6	10	7	35	54	111	175	66	282	146
6	10	7	35	63	7	50	128	95	113
6	10	7	35	63	7	50	128	95	116
6	10	7	35	63	7	50	129	78	104
6	10	7	35	63	7	50	129	78	105
6	10	7	35	63	7	50	147	252	110
6	10	7	35	63	7	50	147	252	111
6	10	7	35	63	7	50	147	252	112
6	10	7	35	63	22	37	184	30	10
6	10	7	35	63	22	37	184	30	118
6	10	7	35	63	22	37	184	35	9
6	10	7	35	63	22	37	184	35	11
6	10	7	35	63	74	57	74	99	657
6	10	7	35	63	74	57	74	99	658
6	10	7	35	63	74	57	109	69	654
6	10	7	35	63	74	57	109	69	655
6	10	7	35	63	74	149	97	77	489
6	10	7	35	63	74	149	97	77	516
6	10	7	35	63	74	149	311	267	627
6	10	7	35	63	74	149	311	267	628
6	10	7	35	63	74	149	311	358	626
6	10	7	35	63	74	149	311	358	631
6	10	20	23	31	98	17	148	308	664
6	10	20	23	31	98	17	148	308	705
6	10	20	23	31	98	17	148	308	707
6	10	20	23	31	98	111	245	225	698
6	10	20	23	31	98	111	245	225	699
6	10	20	23	31	98	111	260	410	697
6	10	20	23	31	98	111	260	410	703
6	10	20	23	31	98	111	260	410	706
6	10	20	23	31	98	129	11	155	681
6	10	20	23	31	98	129	11	155	682
6	10	20	23	31	98	129	213	381	661
6	10	20	23	31	98	129	213	381	700
6	10	20	23	31	98	129	213	381	701
6	10	20	23	39	91	86	155	249	132
6	10	20	23	39	91	86	155	249	141
6	10	20	23	39	91	86	155	249	144
6	10	20	23	39	91	125	29	176	137
6	10	20	23	39	91	125	29	176	142
6	10	20	23	39	91	125	59	1	69
6	10	20	23	39	91	125	59	1	72
6	10	20	29	7	6	2	115	179	353
6	10	20	29	7	6	2	115	179	354
6	10	20	29	7	6	2	115	179	369
6	10	20	29	7	6	11	141	173	336
6	10	20	29	7	6	11	141	173	340
6	10	20	29	7	6	11	141	173	346
6	10	20	29	10	34	22	50	169	273
6	10	20	29	10	34	22	50	169	275
6	10	20	29	10	34	22	50	169	284
6	10	20	29	10	34	58	206	247	370
6	10	20	29	10	34	58	206	247	371
6	10	20	29	10	34	58	206	422	237
6	10	20	29	10	34	58	206	422	250
6	10	20	29	10	34	58	206	422	355
6	10	20	29	53	38	89	151	254	98
6	10	20	29	53	38	89	151	254	99
6	10	20	29	53	38	89	151	254	102
6	10	20	29	53	38	89	325	65	101
6	10	20	29	53	38	89	325	65	106
6	10	20	29	53	38	89	325	398	100
6	10	20	29	53	38	89	325	398	103
6	10	20	29	53	38	89	325	398	108
6	10	20	29	53	58	96	237	216	127
6	10	20	29	53	58	96	237	216	133
6	10	20	29	53	58	96	237	302	126
6	10	20	29	53	58	96	237	302	131
6	10	20	29	53	58	96	252	320	64
6	10	20	29	53	58	96	252	320	130
6	10	20	29	53	94	112	263	439	92
6	10	20	29	53	94	112	263	439	95
6	10	20	29	53	94	112	263	439	97
6	10	20	29	53	94	158	40	149	93
6	10	20	29	53	94	158	40	149	94
6	10	20	29	53	94	158	253	399	91
6	10	20	29	53	94	158	253	399	153
6	10	20	29	53	94	158	253	399	154
6	10	20	34	50	77	170	27	185	213
6	10	20	34	50	77	170	27	185	215
6	10	20	34	50	77	170	27	185	218
6	10	20	34	50	77	170	300	66	187
6	10	20	34	50	77	170	300	66	191
6	10	20	34	50	77	170	300	363	169
6	10	20	34	50	77	170	300	363	230
6	10	20	34	50	120	72	196	158	175
6	10	20	34	50	120	72	196	158	178
6	10	20	34	50	120	72	196	429	204
6	10	20	34	50	120	72	196	429	206
6	10	20	34	50	120	72	196	429	207
6	10	20	34	50	120	99	12	93	202
6	10	20	34	50	120	99	12	93	205
6	10	20	34	50	120	99	72	238	161
6	10	20	34	50	120	99	72	238	174
6	10	20	34	50	120	99	72	238	176
6	10	20	34	50	120	110	108	70	162
6	10	20	34	50	120	110	108	70	219
6	10	20	34	50	120	110	126	22	163
6	10	20	34	50	120	110	126	22	180
6	10	20	34	55	75	195	204	362	87
6	10	20	34	55	75	195	204	362	89
6	10	20	34	55	75	195	204	362	90
6	10	20	34	55	75	195	204	362	157
6	10	20	34	55	75	195	269	74	84
6	10	20	34	55	75	195	269	74	152
6	10	20	34	55	80	63	235	403	120
6	10	20	34	55	80	63	235	403	122
6	10	20	34	55	80	63	235	403	123
6	10	20	34	55	80	151	181	64	158
6	10	20	34	55	80	151	181	64	160
6	10	20	34	55	80	151	181	109	156
6	10	20	34	55	80	151	181	109	159
7	1	1	2	1	13	10	323	204	799
7	1	1	2	1	13	10	323	204	801
7	1	1	2	1	13	10	323	368	785
7	1	1	2	1	13	10	323	368	792
7	1	1	2	1	13	10	323	368	793
7	1	1	2	1	13	10	323	368	795
7	1	1	2	1	25	21	130	220	784
7	1	1	2	1	25	21	130	220	787
7	1	1	2	1	25	21	130	220	791
7	1	1	2	1	25	21	130	220	794
7	1	1	2	1	25	54	167	141	796
7	1	1	2	1	25	54	167	141	797
7	1	1	2	1	25	54	234	151	786
7	1	1	2	1	25	54	234	151	788
7	1	1	2	1	25	54	234	151	790
7	1	1	8	4	31	9	55	202	805
7	1	1	8	4	31	9	55	202	807
7	1	1	8	4	31	9	55	202	811
7	1	1	8	4	31	9	55	202	813
7	1	1	8	4	31	43	95	88	808
7	1	1	8	4	31	43	95	88	812
7	1	1	8	4	31	43	95	131	806
7	1	1	8	4	31	43	95	131	814
7	1	1	8	4	36	8	62	161	804
7	1	1	8	4	36	8	62	161	810
7	1	1	8	4	36	26	78	400	802
7	1	1	8	4	36	26	78	400	803
7	1	1	8	4	36	26	78	400	809
7	1	1	8	17	2	1	107	182	771
7	1	1	8	17	2	1	107	182	778
7	1	1	8	17	2	1	107	182	779
7	1	1	8	17	10	34	67	29	774
7	1	1	8	17	10	34	67	29	776
7	1	1	8	17	10	34	102	107	775
7	1	1	8	17	10	34	102	107	783
7	1	1	8	17	45	100	284	441	772
7	1	1	8	17	45	100	284	441	773
7	1	1	8	17	45	100	284	441	780
7	1	1	8	17	45	100	284	441	782
7	2	8	25	18	52	38	242	284	220
7	2	8	25	18	52	38	242	284	221
7	2	8	25	18	52	38	242	299	223
7	2	8	25	18	52	38	242	299	229
7	2	8	25	18	52	38	242	299	231
7	2	8	25	18	52	162	80	135	224
7	2	8	25	18	52	162	80	135	316
7	2	8	25	18	52	162	258	57	222
7	2	8	25	18	52	162	258	57	312
7	2	8	25	18	52	162	258	172	228
7	2	8	25	18	52	162	258	172	326
7	2	8	25	46	88	166	71	166	843
7	2	8	25	46	88	166	71	166	845
7	2	8	25	46	88	166	266	94	859
7	2	8	25	46	88	166	266	94	866
7	2	8	25	46	88	166	266	170	839
7	2	8	25	46	88	166	266	170	840
7	2	8	25	46	99	29	106	116	225
7	2	8	25	46	99	29	106	116	314
7	2	8	25	46	99	29	106	116	815
7	2	8	25	46	99	35	42	123	232
7	2	8	25	46	99	35	42	123	328
7	2	8	25	46	99	35	42	272	233
7	2	8	25	46	99	35	42	272	234
7	2	8	25	46	99	174	270	285	847
7	2	8	25	46	99	174	270	285	848
7	2	8	25	46	99	174	270	332	846
7	2	8	25	46	99	174	270	332	849
7	2	8	25	46	99	174	288	269	816
7	2	8	25	46	99	174	288	269	842
7	2	8	25	46	99	174	288	278	844
7	2	8	25	46	99	174	288	278	850
7	2	8	25	46	119	173	23	76	838
7	2	8	25	46	119	173	23	76	841
7	2	8	25	46	119	173	293	129	824
7	2	8	25	46	119	173	293	129	827
7	2	8	25	46	119	173	293	256	821
7	2	8	25	46	119	173	293	256	822
7	2	8	25	46	119	196	15	31	829
7	2	8	25	46	119	196	15	31	833
7	2	8	25	46	119	196	174	309	828
7	2	8	25	46	119	196	174	309	832
7	2	8	25	46	119	196	174	309	834
7	2	8	25	46	119	196	255	274	830
7	2	8	25	46	119	196	255	274	831
7	2	8	25	46	119	196	255	442	819
7	2	8	25	46	119	196	255	442	823
7	2	8	25	46	119	196	255	442	825
7	2	8	25	46	119	196	255	442	826
7	11	12	14	21	27	25	132	143	348
7	11	12	14	21	27	25	132	143	349
7	11	12	14	21	27	25	132	143	363
7	11	12	14	21	27	187	180	311	350
7	11	12	14	21	27	187	180	311	351
7	11	12	14	21	27	187	180	311	366
7	11	12	14	21	27	187	227	330	358
7	11	12	14	21	27	187	227	330	365
7	11	12	14	21	27	187	227	330	373
7	11	12	14	32	118	155	63	260	357
7	11	12	14	32	118	155	63	260	372
7	11	12	14	32	118	155	314	409	727
7	11	12	14	32	118	155	314	409	747
7	11	12	14	32	118	155	314	409	751
7	11	12	14	32	118	155	314	427	724
7	11	12	14	32	118	155	314	427	728
7	11	12	14	32	118	155	314	427	733
7	11	12	14	32	118	176	140	239	755
7	11	12	14	32	118	176	140	239	764
7	11	12	14	32	118	176	140	239	765
7	11	12	14	32	118	176	192	331	361
7	11	12	14	32	118	176	192	331	362
7	11	12	14	32	118	176	192	331	374
7	11	12	21	26	113	78	156	142	73
7	11	12	21	26	113	78	156	142	74
7	11	12	21	26	113	78	156	192	71
7	11	12	21	26	113	78	156	192	148
7	11	12	21	26	113	137	32	68	13
7	11	12	21	26	113	137	32	68	55
7	11	12	21	26	113	137	61	75	53
7	11	12	21	26	113	137	61	75	115
7	11	12	21	26	113	137	251	414	58
7	11	12	21	26	113	137	251	414	59
7	11	12	21	26	113	137	251	414	61
7	11	12	21	26	113	190	9	53	29
7	11	12	21	26	113	190	9	53	33
7	11	12	21	26	113	190	315	372	16
7	11	12	21	26	113	190	315	372	17
7	11	12	21	26	113	190	315	432	19
7	11	12	21	26	113	190	315	432	35
7	11	12	21	26	113	190	315	432	38
7	11	12	21	60	26	124	43	122	356
7	11	12	21	60	26	124	43	122	360
7	11	12	21	60	26	124	43	122	368
7	11	12	21	60	26	124	43	122	375
7	11	12	21	60	28	103	214	428	248
7	11	12	21	60	28	103	214	428	257
7	11	12	21	60	28	103	214	428	258
7	11	12	21	60	28	103	214	428	260
7	11	12	21	60	28	103	286	67	240
7	11	12	21	60	28	103	286	67	253
7	11	12	21	60	28	103	286	397	245
7	11	12	21	60	28	103	286	397	252
7	11	12	21	60	122	120	244	147	235
7	11	12	21	60	122	120	244	147	249
7	11	12	21	60	122	120	301	230	254
7	11	12	21	60	122	120	301	230	255
7	11	12	21	60	122	120	301	424	241
7	11	12	21	60	122	120	301	424	243
7	11	12	21	60	122	120	301	424	247
7	11	12	21	60	122	188	268	437	76
7	11	12	21	60	122	188	268	437	78
7	11	12	21	60	122	188	268	437	259
7	11	12	21	60	122	188	275	392	56
7	11	12	21	60	122	188	275	392	246
7	11	12	21	60	122	188	305	418	75
7	11	12	21	60	122	188	305	418	77
7	11	12	21	60	122	188	305	418	79
7	11	19	28	51	12	23	224	15	321
7	11	19	28	51	12	23	224	15	865
7	11	19	28	51	12	23	224	36	306
7	11	19	28	51	12	23	224	36	308
7	11	19	28	51	23	87	218	208	310
7	11	19	28	51	23	87	218	208	313
7	11	19	28	51	23	87	218	328	227
7	11	19	28	51	23	87	218	328	324
7	11	19	28	51	23	87	218	328	329
7	11	19	28	51	85	5	114	433	171
7	11	19	28	51	85	5	114	433	192
7	11	19	28	51	85	5	114	433	194
7	11	19	28	51	85	197	143	327	177
7	11	19	28	51	85	197	143	327	311
7	11	19	28	51	85	197	143	327	315
7	11	19	28	51	85	197	154	377	168
7	11	19	28	51	85	197	154	377	186
7	11	19	28	51	85	197	154	377	323
7	11	19	28	51	85	197	154	377	327
7	11	19	33	23	95	39	150	228	675
7	11	19	33	23	95	39	150	228	678
7	11	19	33	23	95	39	150	280	672
7	11	19	33	23	95	39	150	280	676
7	11	19	33	23	95	39	150	280	677
7	11	19	33	23	95	159	159	301	669
7	11	19	33	23	95	159	159	301	686
7	11	19	33	23	95	159	250	296	680
7	11	19	33	23	95	159	250	296	685
7	11	19	33	23	95	159	250	296	852
7	11	19	33	23	95	193	191	325	226
7	11	19	33	23	95	193	191	325	583
7	11	19	33	23	95	193	191	325	671
7	11	19	33	23	95	193	280	219	603
7	11	19	33	23	95	193	280	219	679
7	11	19	33	23	95	193	280	281	607
7	11	19	33	23	95	193	280	281	684
7	11	19	33	23	95	193	280	281	687
7	11	19	33	47	37	90	307	52	656
7	11	19	33	47	37	90	307	52	659
7	11	19	33	47	37	90	307	277	586
7	11	19	33	47	37	90	307	277	589
7	11	19	33	47	37	90	307	277	590
7	11	19	33	47	102	177	93	126	666
7	11	19	33	47	102	177	93	126	670
7	11	19	33	47	102	177	104	121	612
7	11	19	33	47	102	177	104	121	614
7	11	19	33	47	102	177	223	369	609
7	11	19	33	47	102	177	223	369	610
7	11	19	33	47	102	177	223	369	665
7	11	19	33	47	116	71	220	80	621
7	11	19	33	47	116	71	220	80	649
7	11	19	33	47	116	71	220	191	598
7	11	19	33	47	116	71	220	191	637
7	11	19	33	47	116	73	172	133	615
7	11	19	33	47	116	73	172	133	619
7	11	19	33	47	116	73	172	136	618
7	11	19	33	47	116	73	172	136	646
7	11	19	33	47	116	163	198	425	588
7	11	19	33	47	116	163	198	425	591
7	11	19	33	47	116	163	198	425	592
7	11	19	33	47	116	163	298	343	1
7	11	19	33	47	116	163	298	343	5
7	11	19	33	47	116	163	298	344	22
7	11	19	33	47	116	163	298	344	30
