s7	s12	s20	s36	s64	s122	sROI	sATOM
1	12	4	1	6	48	85	1022
1	12	4	1	6	48	85	1024
1	12	4	1	6	48	85	1025
1	12	4	1	6	48	85	1026
1	12	4	1	6	48	85	1027
1	12	4	1	6	48	85	1028
1	12	4	1	6	48	85	1087
1	12	4	1	6	48	86	1023
1	12	4	1	6	48	86	1030
1	12	4	1	6	48	86	1031
1	12	4	1	6	48	86	1032
1	12	4	1	6	48	86	1033
1	12	4	1	6	48	86	1034
1	12	4	1	6	48	86	1085
1	12	4	5	48	11	18	1063
1	12	4	5	48	11	18	1093
1	12	4	5	48	11	18	1094
1	12	4	5	48	11	19	1073
1	12	4	5	48	14	24	1053
1	12	4	5	48	14	24	1074
1	12	4	5	48	14	24	1075
1	12	4	5	48	14	25	1064
1	12	4	5	48	14	25	1079
1	12	4	5	48	65	113	1080
1	12	4	5	48	65	113	1081
1	12	4	5	48	65	113	1082
1	12	4	5	48	65	113	1084
1	12	4	5	48	65	114	1076
1	12	4	5	48	65	114	1077
1	12	4	5	48	65	114	1078
1	12	4	5	48	65	114	1083
1	12	4	5	48	65	114	1095
1	12	4	13	5	108	185	1057
1	12	4	13	5	108	185	1058
1	12	4	13	5	108	185	1059
1	12	4	13	5	108	185	1060
1	12	4	13	5	108	185	1061
1	12	4	13	5	108	185	1062
1	12	4	13	5	108	186	1068
1	12	4	13	5	108	186	1069
1	12	4	13	5	108	186	1070
1	12	4	13	5	108	186	1072
1	12	4	13	29	9	14	1005
1	12	4	13	29	9	14	1092
1	12	4	13	29	9	15	1019
1	12	4	13	29	44	77	1041
1	12	4	13	29	44	77	1042
1	12	4	13	29	44	77	1091
1	12	4	13	29	44	78	1046
1	12	4	13	29	44	78	1047
1	12	4	13	29	44	78	1048
1	12	4	13	29	97	167	964
1	12	4	13	29	97	167	1036
1	12	4	13	29	97	167	1037
1	12	4	13	29	97	167	1038
1	12	4	13	29	97	167	1039
1	12	4	13	29	97	168	980
1	12	4	13	29	97	168	1043
1	12	4	13	29	97	168	1045
1	12	4	13	29	97	168	1090
1	12	17	6	15	18	31	992
1	12	17	6	15	18	31	994
1	12	17	6	15	18	31	995
1	12	17	6	15	18	32	1007
1	12	17	6	15	18	32	1009
1	12	17	6	15	18	32	1012
1	12	17	6	15	18	32	1016
1	12	17	6	15	18	32	1052
1	12	17	6	15	46	81	1049
1	12	17	6	15	46	81	1054
1	12	17	6	15	46	81	1055
1	12	17	6	15	46	81	1056
1	12	17	6	15	46	82	1065
1	12	17	6	15	46	82	1066
1	12	17	6	15	46	82	1067
1	12	17	6	15	46	82	1071
1	12	17	7	12	41	71	405
1	12	17	7	12	41	71	453
1	12	17	7	12	41	71	454
1	12	17	7	12	41	71	455
1	12	17	7	12	41	72	421
1	12	17	7	12	41	72	467
1	12	17	7	12	41	72	468
1	12	17	7	12	84	145	967
1	12	17	7	12	84	145	970
1	12	17	7	12	84	145	972
1	12	17	7	12	84	145	973
1	12	17	7	12	84	145	974
1	12	17	7	12	84	145	975
1	12	17	7	12	84	145	976
1	12	17	7	12	84	145	1040
1	12	17	7	12	84	146	469
1	12	17	7	12	84	146	984
1	12	17	7	12	84	146	987
1	12	17	7	12	84	146	988
1	12	17	7	12	84	146	989
1	12	17	7	12	84	146	990
1	12	17	7	12	84	146	991
1	12	17	7	12	84	146	1021
1	12	17	20	11	62	108	977
1	12	17	20	11	62	108	978
1	12	17	20	11	62	108	979
1	12	17	20	11	62	108	1008
1	12	17	20	11	62	108	1010
1	12	17	20	11	62	108	1011
1	12	17	20	11	62	108	1013
1	12	17	20	11	62	108	1015
1	12	17	20	11	62	108	1051
1	12	17	20	11	121	208	981
1	12	17	20	11	121	208	982
1	12	17	20	11	121	208	983
1	12	17	20	11	121	208	985
1	12	17	20	11	121	208	986
1	12	17	20	11	121	208	1014
1	12	17	20	11	121	208	1017
1	12	17	20	11	121	208	1018
1	12	17	20	11	121	208	1020
1	12	17	20	11	121	208	1044
1	12	17	20	44	54	95	962
1	12	17	20	44	54	95	963
1	12	17	20	44	54	95	966
1	12	17	20	44	54	95	993
1	12	17	20	44	54	95	996
1	12	17	20	44	54	95	997
1	12	17	20	44	54	95	999
1	12	17	20	44	54	95	1050
1	12	17	20	44	90	157	965
1	12	17	20	44	90	157	968
1	12	17	20	44	90	157	969
1	12	17	20	44	90	157	971
1	12	17	20	44	90	157	998
1	12	17	20	44	90	157	1000
1	12	17	20	44	90	157	1001
1	12	17	20	44	90	157	1002
1	12	17	20	44	90	157	1003
1	12	17	20	44	90	157	1004
1	12	17	20	44	90	157	1006
2	3	3	10	8	78	135	83
2	3	3	10	8	78	135	261
2	3	3	10	8	78	135	262
2	3	3	10	8	78	135	770
2	3	3	10	8	78	136	88
2	3	3	10	8	78	136	263
2	3	3	10	8	78	136	264
2	3	3	10	8	78	136	777
2	3	3	10	41	61	106	80
2	3	3	10	41	61	106	81
2	3	3	10	41	61	106	299
2	3	3	10	41	61	106	300
2	3	3	10	41	61	106	301
2	3	3	10	41	61	107	86
2	3	3	10	41	61	107	302
2	3	3	10	41	61	107	303
2	3	3	10	41	61	107	304
2	3	3	10	41	109	187	151
2	3	3	10	41	109	187	198
2	3	3	10	41	109	187	200
2	3	3	10	41	109	187	201
2	3	3	10	41	109	187	203
2	3	3	10	41	109	188	85
2	3	3	10	41	109	188	155
2	3	3	10	41	109	188	209
2	3	3	10	41	109	188	210
2	3	3	10	41	109	188	211
2	3	3	10	41	109	188	214
2	3	3	10	41	109	188	216
2	3	3	10	41	109	188	217
2	3	6	12	9	70	122	555
2	3	6	12	9	70	122	921
2	3	6	12	9	70	122	922
2	3	6	12	9	70	122	923
2	3	6	12	9	70	122	924
2	3	6	12	9	70	122	930
2	3	6	12	9	70	122	931
2	3	6	12	9	70	122	932
2	3	6	12	9	70	122	933
2	3	6	12	9	70	123	567
2	3	6	12	9	70	123	926
2	3	6	12	9	70	123	928
2	3	6	12	9	70	123	945
2	3	6	12	9	70	123	946
2	3	6	12	22	112	192	398
2	3	6	12	22	112	192	568
2	3	6	12	22	112	192	569
2	3	6	12	22	112	192	573
2	3	6	12	22	112	192	947
2	3	6	12	22	112	192	948
2	3	6	12	22	112	192	949
2	3	6	12	22	112	192	950
2	3	6	12	22	112	192	952
2	3	6	12	22	112	192	953
2	3	6	12	22	112	192	955
2	3	6	12	22	112	193	393
2	3	6	12	22	112	193	556
2	3	6	12	22	112	193	559
2	3	6	12	22	112	193	934
2	3	6	12	22	112	193	935
2	3	6	12	22	112	193	936
2	3	10	19	2	21	36	318
2	3	10	19	2	21	36	320
2	3	10	19	2	21	36	322
2	3	10	19	2	21	36	836
2	3	10	19	2	21	36	837
2	3	10	19	2	21	37	307
2	3	10	19	2	21	37	309
2	3	10	19	2	21	37	818
2	3	10	19	2	21	37	820
2	3	10	19	36	30	53	208
2	3	10	19	36	30	53	212
2	3	10	19	36	30	53	317
2	3	10	19	36	30	53	319
2	3	10	19	36	30	54	199
2	3	10	19	36	30	54	305
2	3	10	19	36	86	149	817
2	3	10	19	36	86	149	853
2	3	10	19	36	86	149	854
2	3	10	19	36	86	149	855
2	3	10	19	36	86	149	856
2	3	10	19	36	86	149	857
2	3	10	19	36	86	149	858
2	3	10	19	36	86	150	835
2	3	10	19	36	86	150	860
2	3	10	19	36	86	150	861
2	3	10	19	36	86	150	862
2	3	10	19	36	86	150	863
2	3	10	19	36	86	150	864
2	3	10	30	3	3	5	464
2	3	10	30	3	3	5	1029
2	3	10	30	3	3	5	1086
2	3	10	30	3	3	5	1088
2	3	10	30	3	3	5	1089
2	3	10	30	3	3	6	478
2	3	10	30	3	3	6	1035
2	3	10	30	16	79	137	401
2	3	10	30	16	79	137	402
2	3	10	30	16	79	137	572
2	3	10	30	16	79	137	574
2	3	10	30	16	79	137	578
2	3	10	30	16	79	138	396
2	3	10	30	16	79	138	397
2	3	10	30	16	79	138	462
2	3	10	30	16	79	138	561
2	3	10	30	16	79	138	563
2	3	10	30	16	79	138	566
2	3	10	30	25	42	73	382
2	3	10	30	25	42	73	383
2	3	10	30	25	42	73	385
2	3	10	30	25	42	73	386
2	3	10	30	25	42	74	390
2	3	10	30	25	42	74	391
2	3	10	30	25	42	74	392
2	3	10	30	25	71	124	387
2	3	10	30	25	71	124	388
2	3	10	30	25	71	124	389
2	3	10	30	25	71	124	399
2	3	10	30	25	71	124	404
2	3	10	30	25	71	125	381
2	3	10	30	25	71	125	384
2	3	10	30	25	71	125	395
2	3	10	30	25	71	125	403
3	7	2	3	14	110	189	1
3	7	2	3	14	110	189	3
3	7	2	3	14	110	189	5
3	7	2	3	14	110	189	580
3	7	2	3	14	110	189	581
3	7	2	3	14	110	189	582
3	7	2	3	14	110	189	584
3	7	2	3	14	110	189	585
3	7	2	3	14	110	189	588
3	7	2	3	14	110	190	22
3	7	2	3	14	110	190	23
3	7	2	3	14	110	190	601
3	7	2	3	14	110	190	602
3	7	2	3	14	110	190	604
3	7	2	3	14	110	190	605
3	7	2	3	14	110	190	606
3	7	2	3	14	110	190	608
3	7	11	9	56	8	13	14
3	7	11	9	56	8	13	18
3	7	11	9	56	8	13	593
3	7	11	9	56	8	13	596
3	7	11	9	56	8	13	597
3	7	11	9	56	73	128	31
3	7	11	9	56	73	128	34
3	7	11	9	56	73	128	39
3	7	11	9	56	73	128	40
3	7	11	9	56	73	128	41
3	7	11	9	56	73	128	613
3	7	11	9	56	73	128	616
3	7	11	9	56	73	128	617
3	7	11	9	56	93	160	7
3	7	11	9	56	93	160	8
3	7	11	9	56	93	160	16
3	7	11	9	56	93	160	587
3	7	11	9	56	93	161	28
3	7	11	9	56	93	161	30
3	7	11	9	56	93	161	32
3	7	11	9	56	93	161	37
3	7	11	9	56	93	161	611
3	7	11	15	45	5	8	238
3	7	11	15	45	5	8	239
3	7	11	15	45	5	8	756
3	7	11	15	45	5	9	251
3	7	11	15	45	67	117	763
3	7	11	15	45	67	117	766
3	7	11	15	45	67	117	767
3	7	11	15	45	67	118	757
3	7	11	15	45	67	118	758
3	7	11	15	45	67	118	759
3	7	11	15	45	67	118	760
3	7	11	15	45	68	119	15
3	7	11	15	45	68	119	20
3	7	11	15	45	68	119	594
3	7	11	15	45	68	119	595
3	7	11	15	45	68	119	599
3	7	11	15	45	68	120	36
3	7	11	15	45	68	120	42
3	7	11	15	45	68	120	620
3	7	11	15	45	68	120	622
4	5	9	11	27	56	98	439
4	5	9	11	27	56	98	444
4	5	9	11	27	56	98	482
4	5	9	11	27	56	98	487
4	5	9	11	27	56	99	449
4	5	9	11	27	56	99	492
4	5	9	11	27	56	99	493
4	5	9	11	27	57	100	436
4	5	9	11	27	57	100	437
4	5	9	11	27	57	100	440
4	5	9	11	27	57	100	442
4	5	9	11	27	57	100	481
4	5	9	11	27	57	100	484
4	5	9	11	27	57	100	485
4	5	9	11	27	57	101	447
4	5	9	11	27	57	101	450
4	5	9	11	27	57	101	451
4	5	9	11	27	57	101	494
4	5	9	11	27	57	101	497
4	5	9	26	33	51	90	411
4	5	9	26	33	51	90	412
4	5	9	26	33	51	90	413
4	5	9	26	33	51	90	415
4	5	9	26	33	51	90	420
4	5	9	26	33	51	91	428
4	5	9	26	33	51	91	432
4	5	9	26	33	51	91	433
4	5	9	26	35	19	33	414
4	5	9	26	35	19	33	416
4	5	9	26	35	19	33	418
4	5	9	26	35	19	33	419
4	5	9	26	35	19	34	429
4	5	9	26	35	19	34	430
4	5	9	26	35	19	34	434
4	5	9	26	35	29	51	461
4	5	9	26	35	29	51	463
4	5	9	26	35	29	51	466
4	5	9	26	35	29	52	474
4	5	9	26	35	29	52	476
4	5	9	26	35	29	52	477
4	5	15	17	30	60	104	503
4	5	15	17	30	60	104	504
4	5	15	17	30	60	104	505
4	5	15	17	30	60	104	539
4	5	15	17	30	60	104	543
4	5	15	17	30	60	105	518
4	5	15	17	30	60	105	521
4	5	15	17	30	60	105	522
4	5	15	17	30	60	105	526
4	5	15	17	30	60	105	548
4	5	15	17	30	60	105	549
4	5	15	17	30	60	105	550
4	5	15	17	43	16	27	435
4	5	15	17	43	16	27	479
4	5	15	17	43	16	27	480
4	5	15	17	43	16	28	446
4	5	15	17	43	16	28	490
4	5	15	17	43	16	28	491
4	5	15	17	43	107	183	406
4	5	15	17	43	107	183	407
4	5	15	17	43	107	183	408
4	5	15	17	43	107	183	409
4	5	15	17	43	107	183	410
4	5	15	17	43	107	184	422
4	5	15	17	43	107	184	423
4	5	15	17	43	107	184	424
4	5	15	17	43	107	184	425
4	5	15	17	43	107	184	426
4	5	15	17	43	107	184	427
4	5	15	24	38	40	69	470
4	5	15	24	38	40	69	472
4	5	15	24	38	40	69	473
4	5	15	24	38	40	70	459
4	5	15	24	38	40	70	460
4	5	15	24	38	40	70	465
4	5	15	24	38	101	174	456
4	5	15	24	38	101	174	457
4	5	15	24	38	101	174	458
4	5	15	24	38	101	174	562
4	5	15	24	38	101	174	564
4	5	15	24	38	101	175	471
4	5	15	24	38	101	175	475
4	5	15	24	38	101	175	551
4	5	15	24	38	101	175	575
4	5	15	24	38	101	175	576
4	5	15	24	38	101	175	577
4	5	15	24	38	101	175	579
4	5	15	24	59	39	67	519
4	5	15	24	59	39	67	520
4	5	15	24	59	39	67	552
4	5	15	24	59	39	67	553
4	5	15	24	59	39	67	554
4	5	15	24	59	39	68	500
4	5	15	24	59	39	68	501
4	5	15	24	59	39	68	502
4	5	15	24	59	39	68	506
4	5	15	24	59	39	68	507
4	5	15	24	59	43	75	495
4	5	15	24	59	43	75	523
4	5	15	24	59	43	75	524
4	5	15	24	59	43	75	525
4	5	15	24	59	43	75	527
4	5	15	24	59	43	75	529
4	5	15	24	59	43	75	532
4	5	15	24	59	43	76	508
4	5	15	24	59	43	76	510
4	5	15	24	59	81	140	546
4	5	15	24	59	81	140	547
4	5	15	24	59	81	140	571
4	5	15	24	59	81	141	538
4	5	15	24	59	81	141	540
4	5	15	24	59	81	141	541
4	5	15	24	59	81	141	544
4	5	15	24	59	81	141	545
5	4	18	31	24	32	57	894
5	4	18	31	24	32	57	895
5	4	18	31	24	32	57	896
5	4	18	31	24	32	57	898
5	4	18	31	24	32	57	900
5	4	18	31	24	32	57	902
5	4	18	31	24	32	57	927
5	4	18	31	24	32	57	929
5	4	18	31	24	89	155	867
5	4	18	31	24	89	155	868
5	4	18	31	24	89	155	869
5	4	18	31	24	89	155	870
5	4	18	31	24	89	155	871
5	4	18	31	24	89	155	872
5	4	18	31	24	89	155	873
5	4	18	31	24	89	155	875
5	4	18	31	24	89	155	925
5	4	18	31	24	89	156	893
5	4	18	31	64	15	26	851
5	4	18	31	64	15	26	915
5	4	18	31	64	15	26	916
5	4	18	31	64	15	26	917
5	4	18	31	64	15	26	919
5	4	18	31	64	15	26	920
5	4	18	31	64	33	58	886
5	4	18	31	64	33	58	888
5	4	18	31	64	33	58	889
5	4	18	31	64	33	58	890
5	4	18	31	64	33	58	891
5	4	18	31	64	33	58	892
5	4	18	31	64	82	142	874
5	4	18	31	64	82	142	876
5	4	18	31	64	82	142	877
5	4	18	31	64	82	142	878
5	4	18	31	64	82	142	879
5	4	18	31	64	82	142	881
5	4	18	31	64	106	182	897
5	4	18	31	64	106	182	899
5	4	18	31	64	106	182	901
5	4	18	31	64	106	182	903
5	4	18	31	64	106	182	904
5	4	18	31	64	106	182	905
5	4	18	31	64	106	182	907
5	4	18	31	64	106	182	908
5	4	18	31	64	106	182	909
5	4	18	31	64	106	182	913
5	6	14	4	19	17	29	377
5	6	14	4	19	17	29	378
5	6	14	4	19	17	29	712
5	6	14	4	19	17	29	715
5	6	14	4	19	17	30	380
5	6	14	4	19	17	30	737
5	6	14	4	19	17	30	739
5	6	14	4	19	24	41	364
5	6	14	4	19	24	41	367
5	6	14	4	19	24	41	741
5	6	14	4	19	24	41	743
5	6	14	4	19	24	42	352
5	6	14	4	19	24	42	717
5	6	14	4	19	24	42	718
5	6	14	32	37	47	83	722
5	6	14	32	37	47	83	723
5	6	14	32	37	47	83	726
5	6	14	32	37	47	84	744
5	6	14	32	37	47	84	746
5	6	14	32	37	47	84	748
5	6	14	32	37	47	84	749
5	6	14	32	37	64	111	729
5	6	14	32	37	64	111	731
5	6	14	32	37	64	111	732
5	6	14	32	37	64	112	752
5	6	14	32	37	64	112	753
5	6	14	32	37	64	112	754
5	6	14	32	58	72	126	376
5	6	14	32	58	72	126	417
5	6	14	32	58	72	126	708
5	6	14	32	58	72	127	379
5	6	14	32	58	72	127	431
5	6	14	32	58	72	127	734
5	6	14	32	58	96	165	443
5	6	14	32	58	96	165	445
5	6	14	32	58	96	165	624
5	6	14	32	58	96	165	713
5	6	14	32	58	96	165	714
5	6	14	32	58	96	165	716
5	6	14	32	58	96	165	719
5	6	14	32	58	96	165	720
5	6	14	32	58	96	165	721
5	6	14	32	58	96	165	725
5	6	14	32	58	96	166	452
5	6	14	32	58	96	166	738
5	6	14	32	58	96	166	740
5	6	14	32	58	96	166	742
5	6	14	32	58	96	166	745
5	6	14	32	58	103	177	438
5	6	14	32	58	103	177	441
5	6	14	32	58	103	177	709
5	6	14	32	58	103	177	710
5	6	14	32	58	103	177	711
5	6	14	32	58	103	178	448
5	6	14	32	58	103	178	735
5	6	14	32	58	103	178	736
5	8	5	18	34	115	197	342
5	8	5	18	34	115	197	343
5	8	5	18	34	115	197	344
5	8	5	18	34	115	197	345
5	8	5	18	34	115	197	347
5	8	5	18	34	115	198	292
5	8	5	18	34	115	198	331
5	8	5	18	34	115	198	332
5	8	5	18	34	115	198	333
5	8	5	18	34	115	198	334
5	8	5	18	34	115	198	337
5	8	5	18	34	115	198	338
5	8	5	18	34	115	198	339
5	8	5	18	42	35	61	287
5	8	5	18	42	35	61	288
5	8	5	18	42	35	61	330
5	8	5	18	42	35	62	294
5	8	5	18	42	35	62	295
5	8	5	18	42	35	62	297
5	8	5	18	42	66	115	289
5	8	5	18	42	66	115	290
5	8	5	18	42	66	115	291
5	8	5	18	42	66	115	293
5	8	5	18	42	66	116	296
5	8	5	18	42	66	116	298
5	8	13	36	20	4	7	688
5	8	13	36	20	4	7	689
5	8	13	36	20	4	7	692
5	8	13	36	20	4	7	693
5	8	13	36	20	114	196	652
5	8	13	36	20	114	196	653
5	8	13	36	20	114	196	660
5	8	13	36	20	114	196	673
5	8	13	36	20	114	196	674
5	8	13	36	20	114	196	690
5	8	13	36	20	114	196	691
5	8	13	36	20	114	196	694
5	8	13	36	20	114	196	695
5	8	13	36	20	114	196	696
5	8	13	36	52	55	96	265
5	8	13	36	52	55	96	266
5	8	13	36	52	55	96	269
5	8	13	36	52	55	96	270
5	8	13	36	52	55	96	271
5	8	13	36	52	55	96	272
5	8	13	36	52	55	96	335
5	8	13	36	52	55	97	278
5	8	13	36	52	55	97	279
5	8	13	36	52	55	97	280
5	8	13	36	52	55	97	282
5	8	13	36	52	55	97	283
5	8	13	36	52	87	151	62
5	8	13	36	52	87	151	63
5	8	13	36	52	87	151	65
5	8	13	36	52	87	151	66
5	8	13	36	52	87	151	277
5	8	13	36	52	87	151	281
5	8	13	36	52	87	152	44
5	8	13	36	52	87	152	45
5	8	13	36	52	87	152	46
5	8	13	36	52	87	152	267
5	8	13	36	52	87	152	268
5	8	13	36	61	53	94	47
5	8	13	36	61	53	94	48
5	8	13	36	61	53	94	49
5	8	13	36	61	53	94	50
5	8	13	36	61	53	94	51
5	8	13	36	61	53	94	52
5	8	13	36	61	53	94	54
5	8	13	36	61	53	94	57
5	8	13	36	61	53	94	60
5	8	13	36	61	53	94	107
5	8	13	36	61	53	94	109
5	8	13	36	61	53	94	114
5	8	13	36	61	53	94	117
5	8	13	36	61	53	94	119
5	8	13	36	61	63	109	68
5	8	13	36	61	63	109	70
5	8	13	36	61	63	109	256
5	8	13	36	61	63	109	285
5	8	13	36	61	63	109	286
5	8	13	36	61	63	110	242
5	8	13	36	61	63	110	244
5	8	13	36	61	63	110	274
5	8	13	36	61	63	110	276
6	9	16	16	28	117	201	394
6	9	16	16	28	117	201	537
6	9	16	16	28	117	201	557
6	9	16	16	28	117	201	558
6	9	16	16	28	117	201	560
6	9	16	16	28	117	201	880
6	9	16	16	28	117	201	937
6	9	16	16	28	117	201	938
6	9	16	16	28	117	201	939
6	9	16	16	28	117	201	940
6	9	16	16	28	117	201	942
6	9	16	16	28	117	201	944
6	9	16	16	28	117	202	400
6	9	16	16	28	117	202	570
6	9	16	16	28	117	202	951
6	9	16	16	28	117	202	954
6	9	16	16	28	117	202	956
6	9	16	16	28	117	202	959
6	9	16	16	40	49	87	957
6	9	16	16	40	49	87	958
6	9	16	16	40	49	87	960
6	9	16	16	40	49	88	542
6	9	16	16	40	49	88	565
6	9	16	16	40	49	88	941
6	9	16	16	40	49	88	943
6	9	16	16	40	104	179	906
6	9	16	16	40	104	179	910
6	9	16	16	40	104	179	911
6	9	16	16	40	104	179	912
6	9	16	16	40	104	179	914
6	9	16	16	40	104	179	961
6	9	16	16	40	104	180	509
6	9	16	16	40	104	180	882
6	9	16	16	40	104	180	883
6	9	16	16	40	104	180	887
6	9	16	22	57	50	89	483
6	9	16	22	57	50	89	486
6	9	16	22	57	50	89	488
6	9	16	22	57	50	89	511
6	9	16	22	57	50	89	514
6	9	16	22	57	50	89	515
6	9	16	22	57	69	121	496
6	9	16	22	57	69	121	498
6	9	16	22	57	69	121	499
6	9	16	22	57	69	121	534
6	9	16	22	57	69	121	536
6	9	16	22	57	69	121	638
6	9	16	22	57	69	121	639
6	9	16	22	57	69	121	641
6	9	16	22	57	83	143	640
6	9	16	22	57	83	143	642
6	9	16	22	57	83	143	644
6	9	16	22	57	83	143	650
6	9	16	22	57	83	143	662
6	9	16	22	57	83	144	625
6	9	16	22	57	83	144	626
6	9	16	22	57	83	144	629
6	9	16	22	57	83	144	630
6	9	16	22	57	100	172	528
6	9	16	22	57	100	172	530
6	9	16	22	57	100	172	531
6	9	16	22	57	100	172	533
6	9	16	22	57	100	172	535
6	9	16	22	57	100	172	918
6	9	16	22	57	100	173	512
6	9	16	22	57	100	173	513
6	9	16	22	57	100	173	517
6	9	16	27	62	1	1	768
6	9	16	27	62	1	1	769
6	9	16	27	62	1	2	761
6	9	16	27	62	1	2	762
6	9	16	27	62	76	132	643
6	9	16	27	62	76	132	647
6	9	16	27	62	76	132	648
6	9	16	27	62	76	132	651
6	9	16	27	62	76	132	750
6	9	16	27	62	76	133	632
6	9	16	27	62	76	133	633
6	9	16	27	62	76	133	634
6	9	16	27	62	76	133	635
6	9	16	27	62	76	133	636
6	9	16	27	62	76	133	730
6	10	7	35	13	105	181	2
6	10	7	35	13	105	181	4
6	10	7	35	13	105	181	6
6	10	7	35	13	105	181	96
6	10	7	35	13	105	181	165
6	10	7	35	13	105	181	166
6	10	7	35	13	105	181	167
6	10	7	35	13	105	181	179
6	10	7	35	13	105	181	181
6	10	7	35	13	105	181	182
6	10	7	35	13	105	181	183
6	10	7	35	13	105	181	184
6	10	7	35	13	105	181	185
6	10	7	35	49	20	35	645
6	10	7	35	49	20	35	663
6	10	7	35	49	20	35	667
6	10	7	35	49	20	35	668
6	10	7	35	49	20	35	704
6	10	7	35	49	92	159	121
6	10	7	35	49	92	159	124
6	10	7	35	49	92	159	128
6	10	7	35	49	92	159	129
6	10	7	35	49	92	159	188
6	10	7	35	49	92	159	189
6	10	7	35	49	92	159	190
6	10	7	35	54	59	103	21
6	10	7	35	54	59	103	24
6	10	7	35	54	59	103	25
6	10	7	35	54	59	103	172
6	10	7	35	54	59	103	173
6	10	7	35	54	59	103	193
6	10	7	35	54	59	103	194
6	10	7	35	54	59	103	195
6	10	7	35	54	59	103	196
6	10	7	35	54	59	103	197
6	10	7	35	54	111	191	26
6	10	7	35	54	111	191	27
6	10	7	35	54	111	191	76
6	10	7	35	54	111	191	134
6	10	7	35	54	111	191	135
6	10	7	35	54	111	191	136
6	10	7	35	54	111	191	138
6	10	7	35	54	111	191	139
6	10	7	35	54	111	191	140
6	10	7	35	54	111	191	143
6	10	7	35	54	111	191	145
6	10	7	35	54	111	191	146
6	10	7	35	54	111	191	147
6	10	7	35	54	111	191	149
6	10	7	35	63	7	12	104
6	10	7	35	63	7	12	105
6	10	7	35	63	7	12	110
6	10	7	35	63	7	12	111
6	10	7	35	63	7	12	112
6	10	7	35	63	7	12	113
6	10	7	35	63	7	12	116
6	10	7	35	63	22	38	9
6	10	7	35	63	22	38	10
6	10	7	35	63	22	38	11
6	10	7	35	63	22	38	118
6	10	7	35	63	74	129	489
6	10	7	35	63	74	129	516
6	10	7	35	63	74	129	627
6	10	7	35	63	74	129	628
6	10	7	35	63	74	129	631
6	10	7	35	63	74	129	654
6	10	7	35	63	74	129	655
6	10	7	35	63	74	129	657
6	10	7	35	63	74	129	658
6	10	20	23	31	98	169	661
6	10	20	23	31	98	169	664
6	10	20	23	31	98	169	681
6	10	20	23	31	98	169	682
6	10	20	23	31	98	169	697
6	10	20	23	31	98	169	698
6	10	20	23	31	98	169	699
6	10	20	23	31	98	169	700
6	10	20	23	31	98	169	701
6	10	20	23	31	98	169	702
6	10	20	23	31	98	169	703
6	10	20	23	31	98	169	705
6	10	20	23	31	98	169	706
6	10	20	23	31	98	169	707
6	10	20	23	39	91	158	67
6	10	20	23	39	91	158	69
6	10	20	23	39	91	158	72
6	10	20	23	39	91	158	132
6	10	20	23	39	91	158	137
6	10	20	23	39	91	158	141
6	10	20	23	39	91	158	142
6	10	20	23	39	91	158	144
6	10	20	29	7	6	10	336
6	10	20	29	7	6	10	340
6	10	20	29	7	6	10	341
6	10	20	29	7	6	10	353
6	10	20	29	7	6	10	354
6	10	20	29	7	6	11	346
6	10	20	29	7	6	11	369
6	10	20	29	10	34	59	237
6	10	20	29	10	34	59	273
6	10	20	29	10	34	59	275
6	10	20	29	10	34	59	355
6	10	20	29	10	34	60	250
6	10	20	29	10	34	60	284
6	10	20	29	10	34	60	370
6	10	20	29	10	34	60	371
6	10	20	29	53	38	66	98
6	10	20	29	53	38	66	99
6	10	20	29	53	38	66	100
6	10	20	29	53	38	66	101
6	10	20	29	53	38	66	102
6	10	20	29	53	38	66	103
6	10	20	29	53	38	66	106
6	10	20	29	53	38	66	108
6	10	20	29	53	58	102	64
6	10	20	29	53	58	102	125
6	10	20	29	53	58	102	126
6	10	20	29	53	58	102	127
6	10	20	29	53	58	102	130
6	10	20	29	53	58	102	131
6	10	20	29	53	58	102	133
6	10	20	29	53	94	162	43
6	10	20	29	53	94	162	91
6	10	20	29	53	94	162	92
6	10	20	29	53	94	162	93
6	10	20	29	53	94	162	94
6	10	20	29	53	94	162	95
6	10	20	29	53	94	162	97
6	10	20	29	53	94	162	153
6	10	20	29	53	94	162	154
6	10	20	34	50	77	134	169
6	10	20	34	50	77	134	170
6	10	20	34	50	77	134	187
6	10	20	34	50	77	134	191
6	10	20	34	50	77	134	213
6	10	20	34	50	77	134	215
6	10	20	34	50	77	134	218
6	10	20	34	50	120	207	161
6	10	20	34	50	120	207	162
6	10	20	34	50	120	207	163
6	10	20	34	50	120	207	174
6	10	20	34	50	120	207	175
6	10	20	34	50	120	207	176
6	10	20	34	50	120	207	178
6	10	20	34	50	120	207	180
6	10	20	34	50	120	207	202
6	10	20	34	50	120	207	204
6	10	20	34	50	120	207	205
6	10	20	34	50	120	207	206
6	10	20	34	50	120	207	207
6	10	20	34	50	120	207	219
6	10	20	34	55	75	130	82
6	10	20	34	55	75	130	84
6	10	20	34	55	75	130	150
6	10	20	34	55	75	130	152
6	10	20	34	55	75	131	87
6	10	20	34	55	75	131	89
6	10	20	34	55	75	131	90
6	10	20	34	55	75	131	157
6	10	20	34	55	80	139	120
6	10	20	34	55	80	139	122
6	10	20	34	55	80	139	123
6	10	20	34	55	80	139	156
6	10	20	34	55	80	139	158
6	10	20	34	55	80	139	159
6	10	20	34	55	80	139	160
7	1	1	2	1	13	22	785
7	1	1	2	1	13	22	799
7	1	1	2	1	13	23	792
7	1	1	2	1	13	23	793
7	1	1	2	1	13	23	795
7	1	1	2	1	13	23	801
7	1	1	2	1	25	43	784
7	1	1	2	1	25	43	786
7	1	1	2	1	25	43	787
7	1	1	2	1	25	43	788
7	1	1	2	1	25	43	789
7	1	1	2	1	25	43	790
7	1	1	2	1	25	44	791
7	1	1	2	1	25	44	794
7	1	1	2	1	25	44	796
7	1	1	2	1	25	44	797
7	1	1	2	1	25	44	798
7	1	1	8	4	31	55	805
7	1	1	8	4	31	55	806
7	1	1	8	4	31	55	807
7	1	1	8	4	31	55	808
7	1	1	8	4	31	56	811
7	1	1	8	4	31	56	812
7	1	1	8	4	31	56	813
7	1	1	8	4	31	56	814
7	1	1	8	4	36	63	800
7	1	1	8	4	36	63	809
7	1	1	8	4	36	63	810
7	1	1	8	4	36	64	802
7	1	1	8	4	36	64	803
7	1	1	8	4	36	64	804
7	1	1	8	17	2	3	778
7	1	1	8	17	2	3	779
7	1	1	8	17	2	4	771
7	1	1	8	17	10	16	774
7	1	1	8	17	10	16	775
7	1	1	8	17	10	16	776
7	1	1	8	17	10	17	781
7	1	1	8	17	10	17	783
7	1	1	8	17	45	79	772
7	1	1	8	17	45	79	773
7	1	1	8	17	45	80	780
7	1	1	8	17	45	80	782
7	2	8	25	18	52	92	228
7	2	8	25	18	52	92	229
7	2	8	25	18	52	92	231
7	2	8	25	18	52	92	326
7	2	8	25	18	52	93	220
7	2	8	25	18	52	93	221
7	2	8	25	18	52	93	222
7	2	8	25	18	52	93	223
7	2	8	25	18	52	93	224
7	2	8	25	18	52	93	312
7	2	8	25	18	52	93	316
7	2	8	25	46	88	153	821
7	2	8	25	46	88	153	822
7	2	8	25	46	88	153	824
7	2	8	25	46	88	153	827
7	2	8	25	46	88	153	859
7	2	8	25	46	88	154	839
7	2	8	25	46	88	154	840
7	2	8	25	46	88	154	843
7	2	8	25	46	88	154	845
7	2	8	25	46	88	154	866
7	2	8	25	46	99	170	232
7	2	8	25	46	99	170	233
7	2	8	25	46	99	170	234
7	2	8	25	46	99	170	328
7	2	8	25	46	99	170	816
7	2	8	25	46	99	170	842
7	2	8	25	46	99	170	844
7	2	8	25	46	99	170	847
7	2	8	25	46	99	170	848
7	2	8	25	46	99	170	850
7	2	8	25	46	99	171	225
7	2	8	25	46	99	171	314
7	2	8	25	46	99	171	815
7	2	8	25	46	119	205	819
7	2	8	25	46	119	205	823
7	2	8	25	46	119	205	825
7	2	8	25	46	119	205	826
7	2	8	25	46	119	205	828
7	2	8	25	46	119	205	829
7	2	8	25	46	119	205	830
7	2	8	25	46	119	205	831
7	2	8	25	46	119	205	832
7	2	8	25	46	119	205	833
7	2	8	25	46	119	205	834
7	2	8	25	46	119	205	884
7	2	8	25	46	119	205	885
7	2	8	25	46	119	206	838
7	2	8	25	46	119	206	841
7	2	8	25	46	119	206	846
7	2	8	25	46	119	206	849
7	11	12	14	21	27	47	348
7	11	12	14	21	27	47	349
7	11	12	14	21	27	47	350
7	11	12	14	21	27	47	351
7	11	12	14	21	27	48	363
7	11	12	14	21	27	48	366
7	11	12	14	32	118	203	365
7	11	12	14	32	118	203	372
7	11	12	14	32	118	203	373
7	11	12	14	32	118	203	374
7	11	12	14	32	118	203	747
7	11	12	14	32	118	203	751
7	11	12	14	32	118	203	764
7	11	12	14	32	118	203	765
7	11	12	14	32	118	204	357
7	11	12	14	32	118	204	358
7	11	12	14	32	118	204	361
7	11	12	14	32	118	204	362
7	11	12	14	32	118	204	724
7	11	12	14	32	118	204	727
7	11	12	14	32	118	204	728
7	11	12	14	32	118	204	733
7	11	12	14	32	118	204	755
7	11	12	21	26	113	194	29
7	11	12	21	26	113	194	33
7	11	12	21	26	113	194	35
7	11	12	21	26	113	194	38
7	11	12	21	26	113	194	71
7	11	12	21	26	113	194	73
7	11	12	21	26	113	194	74
7	11	12	21	26	113	194	75
7	11	12	21	26	113	194	77
7	11	12	21	26	113	194	148
7	11	12	21	26	113	195	12
7	11	12	21	26	113	195	13
7	11	12	21	26	113	195	17
7	11	12	21	26	113	195	19
7	11	12	21	26	113	195	53
7	11	12	21	26	113	195	55
7	11	12	21	26	113	195	58
7	11	12	21	26	113	195	59
7	11	12	21	26	113	195	115
7	11	12	21	60	26	45	368
7	11	12	21	60	26	45	375
7	11	12	21	60	26	46	356
7	11	12	21	60	26	46	359
7	11	12	21	60	26	46	360
7	11	12	21	60	28	49	252
7	11	12	21	60	28	49	253
7	11	12	21	60	28	49	257
7	11	12	21	60	28	49	258
7	11	12	21	60	28	50	240
7	11	12	21	60	28	50	245
7	11	12	21	60	28	50	248
7	11	12	21	60	122	209	56
7	11	12	21	60	122	209	61
7	11	12	21	60	122	209	235
7	11	12	21	60	122	209	236
7	11	12	21	60	122	209	241
7	11	12	21	60	122	209	243
7	11	12	21	60	122	209	246
7	11	12	21	60	122	209	247
7	11	12	21	60	122	210	78
7	11	12	21	60	122	210	79
7	11	12	21	60	122	210	249
7	11	12	21	60	122	210	254
7	11	12	21	60	122	210	255
7	11	12	21	60	122	210	259
7	11	12	21	60	122	210	260
7	11	19	28	51	12	20	306
7	11	19	28	51	12	20	308
7	11	19	28	51	12	21	321
7	11	19	28	51	12	21	865
7	11	19	28	51	23	39	310
7	11	19	28	51	23	39	313
7	11	19	28	51	23	40	227
7	11	19	28	51	23	40	230
7	11	19	28	51	23	40	324
7	11	19	28	51	23	40	329
7	11	19	28	51	85	147	168
7	11	19	28	51	85	147	171
7	11	19	28	51	85	147	186
7	11	19	28	51	85	147	192
7	11	19	28	51	85	147	323
7	11	19	28	51	85	147	325
7	11	19	28	51	85	147	327
7	11	19	28	51	85	148	164
7	11	19	28	51	85	148	177
7	11	19	28	51	85	148	311
7	11	19	28	51	85	148	315
7	11	19	33	23	95	163	603
7	11	19	33	23	95	163	669
7	11	19	33	23	95	163	679
7	11	19	33	23	95	163	680
7	11	19	33	23	95	163	683
7	11	19	33	23	95	163	685
7	11	19	33	23	95	163	686
7	11	19	33	23	95	163	852
7	11	19	33	23	95	164	226
7	11	19	33	23	95	164	583
7	11	19	33	23	95	164	671
7	11	19	33	23	95	164	672
7	11	19	33	23	95	164	675
7	11	19	33	23	95	164	676
7	11	19	33	23	95	164	677
7	11	19	33	23	95	164	678
7	11	19	33	47	37	65	586
7	11	19	33	47	37	65	589
7	11	19	33	47	37	65	590
7	11	19	33	47	37	65	656
7	11	19	33	47	37	65	659
7	11	19	33	47	102	176	607
7	11	19	33	47	102	176	609
7	11	19	33	47	102	176	610
7	11	19	33	47	102	176	612
7	11	19	33	47	102	176	614
7	11	19	33	47	102	176	665
7	11	19	33	47	102	176	666
7	11	19	33	47	102	176	670
7	11	19	33	47	102	176	684
7	11	19	33	47	102	176	687
7	11	19	33	47	116	199	591
7	11	19	33	47	116	199	592
7	11	19	33	47	116	199	598
7	11	19	33	47	116	199	600
7	11	19	33	47	116	199	637
7	11	19	33	47	116	200	615
7	11	19	33	47	116	200	618
7	11	19	33	47	116	200	619
7	11	19	33	47	116	200	621
7	11	19	33	47	116	200	623
7	11	19	33	47	116	200	646
7	11	19	33	47	116	200	649
